{"genre_weight": 0.14662101250859466, "cast_weight": 0.3201074645922799, "franchise_weight": 0.21160768562420387, "rating_weight": 0.09461928091764502, "popularity_weight": 0.21341924397465173}
